{
    "name": "helias5",
    "min_plasma_coil_distance": 1.91901004,
    "derivative_min_LCFS_coils_dist": -0.62598984,
    "coilspermodule": 10,
    "coil_rmajor": 22.25161818,
    "coil_rminor": 4.68989464,
    "aspect_ref": 12.31533919,
    "bt_ref": 8.0,
    "WP_area": 0.34858958,
    "WP_bmax": 18.64142762,
    "i0": 18.53875606,
    "a1": 0.34162542,
    "a2": 0.0430118,
    "dmin": 0.95903749,
    "inductance": 0.00188842,
    "coilsurface": 4610.11775033,
    "coillength": 1708.69547411,
    "max_portsize_width": 2.76622229,
    "maximal_coil_height": 12.24444,
    "WP_ratio": 1.25,
    "max_force_density_MNm": 133.39746437,
    "max_force_density": 382.67771808,
    "min_bend_radius": 1.5554584,
    "max_lateral_force_density": 302.38022761,
    "max_radial_force_density": 343.84108204,
    "centering_force_max_MN": 382.28563126,
    "centering_force_min_MN": -111.41955436,
    "centering_force_avg_MN": 188.64022558,
    "symmetry": 5,
    "rmajor_ref": 22.19309491,
    "rminor_ref": 1.80206932,
    "vol_plasma": 1422.62552585,
    "plasma_surface": 1960.01361974,
    "epseff": 0.015,
    "number_nu_star": 20,
    "D11_star_mono_input": [
        1.0,
        1.0,
        1.0,
        1.0,
        1.0,
        1.0,
        1.0,
        1.0,
        1.0,
        1.0,
        1.0,
        1.0,
        1.0,
        1.0,
        1.0,
        1.0,
        1.0,
        1.0,
        1.0,
        1.0
    ],
    "nu_star_mono_input": [
        1e-06,
        2.34e-06,
        5.46e-06,
        1.274e-05,
        2.976e-05,
        6.952e-05,
        0.00016238,
        0.00037927,
        0.00088587,
        0.00206914,
        0.00483293,
        0.01128838,
        0.02636651,
        0.06158482,
        0.14384499,
        0.33598183,
        0.78475997,
        1.83298071,
        4.2813324,
        10.0
    ],
    "neutron_peakfactor": 1.62047562
}