{
    "name": "squid",
    "min_plasma_coil_distance": 2.74710867,
    "derivative_min_LCFS_coils_dist": -1.12968996,
    "coilspermodule": 10,
    "coil_rmajor": 19.82443381,
    "coil_rminor": 5.15963654,
    "aspect_ref": 11.10442978,
    "bt_ref": 5.6,
    "WP_area": 3.54571876,
    "WP_bmax": 23.22863103,
    "i0": 37.25109153,
    "a1": -0.668054,
    "a2": 0.13254143,
    "dmin": 1.21495925,
    "inductance": 0.0007114,
    "coilsurface": 5533.16361498,
    "coillength": 1354.65319644,
    "max_portsize_width": 4.86784174,
    "maximal_coil_height": 14.45188734,
    "WP_ratio": 1.2,
    "max_force_density_MNm": 433.96943458,
    "max_force_density": 122.39251435,
    "min_bend_radius": 0.26703875,
    "max_lateral_force_density": 113.25992502,
    "max_radial_force_density": 80.30737599,
    "centering_force_max_MN": 513.65402568,
    "centering_force_min_MN": -1029.80145296,
    "centering_force_avg_MN": -155.58538703,
    "symmetry": 4,
    "rmajor_ref": 19.87195034,
    "rminor_ref": 1.78955162,
    "vol_plasma": 1256.19973155,
    "plasma_surface": 1972.42440867,
    "epseff": 0.015,
    "number_nu_star": 20,
    "D11_star_mono_input": [
        1.0,
        1.0,
        1.0,
        1.0,
        1.0,
        1.0,
        1.0,
        1.0,
        1.0,
        1.0,
        1.0,
        1.0,
        1.0,
        1.0,
        1.0,
        1.0,
        1.0,
        1.0,
        1.0,
        1.0
    ],
    "nu_star_mono_input": [
        1e-06,
        2.34e-06,
        5.46e-06,
        1.274e-05,
        2.976e-05,
        6.952e-05,
        0.00016238,
        0.00037927,
        0.00088587,
        0.00206914,
        0.00483293,
        0.01128838,
        0.02636651,
        0.06158482,
        0.14384499,
        0.33598183,
        0.78475997,
        1.83298071,
        4.2813324,
        10.0
    ],
    "neutron_peakfactor": 1.8350091
}