{
    "name": "squid",
    "min_plasma_coil_distance": 2.86590415,
    "derivative_min_LCFS_coils_dist": -0.56297033,
    "coilspermodule": 8,
    "coil_rmajor": 20.21335939,
    "coil_rminor": 5.23898128,
    "aspect_ref": 11.10442978,
    "bt_ref": 6.0,
    "WP_area": 3.71740525,
    "WP_bmax": 12.00377447,
    "i0": 20.28726358,
    "a1": 0.67472161,
    "a2": 0.0733033,
    "dmin": 0.98671908,
    "inductance": 0.00099622,
    "coilsurface": 5705.8789241,
    "coillength": 1203.27016728,
    "max_portsize_width": 5.9178767,
    "maximal_coil_height": 12.77278244,
    "WP_ratio": 1.2,
    "max_force_density_MNm": 201.76637205,
    "max_force_density": 54.27613044,
    "min_bend_radius": 1.12694205,
    "max_lateral_force_density": 36.96932842,
    "max_radial_force_density": 54.02278632,
    "centering_force_max_MN": 444.84214617,
    "centering_force_min_MN": -10.61049807,
    "centering_force_avg_MN": 236.41979834,
    "coils_data": [
        {
            "current": 0.01638702,
            "plasma-coil disctance": 2.86590415,
            "plasma-coil distance derivative": -0.69252942,
            "max_B": 8.22370448
        },
        {
            "current": 1.71089163,
            "plasma-coil disctance": 2.88316814,
            "plasma-coil distance derivative": -0.70695305,
            "max_B": 12.00377447
        },
        {
            "current": 1.16640513,
            "plasma-coil disctance": 2.92211735,
            "plasma-coil distance derivative": -0.56297033,
            "max_B": 11.08101122
        },
        {
            "current": 1.10631622,
            "plasma-coil disctance": 2.92529026,
            "plasma-coil distance derivative": -0.74534199,
            "max_B": 9.87052645
        }
    ],
    "symmetry": 4,
    "rmajor_ref": 19.87195034,
    "rminor_ref": 1.78955162,
    "vol_plasma": 1256.19973155,
    "plasma_surface": 1972.42440867,
    "epseff": 0.015,
    "number_nu_star": 20,
    "D11_star_mono_input": [
        1.0,
        1.0,
        1.0,
        1.0,
        1.0,
        1.0,
        1.0,
        1.0,
        1.0,
        1.0,
        1.0,
        1.0,
        1.0,
        1.0,
        1.0,
        1.0,
        1.0,
        1.0,
        1.0,
        1.0
    ],
    "nu_star_mono_input": [
        1e-06,
        2.34e-06,
        5.46e-06,
        1.274e-05,
        2.976e-05,
        6.952e-05,
        0.00016238,
        0.00037927,
        0.00088587,
        0.00206914,
        0.00483293,
        0.01128838,
        0.02636651,
        0.06158482,
        0.14384499,
        0.33598183,
        0.78475997,
        1.83298071,
        4.2813324,
        10.0
    ],
    "neutron_peakfactor": 1.64104694
}