{
    "name": "squid",
    "min_plasma_coil_distance": 2.86658782,
    "derivative_min_LCFS_coils_dist": -0.70393593,
    "coilspermodule": 8,
    "coil_rmajor": 19.77732504,
    "coil_rminor": 5.23885301,
    "aspect_ref": 11.10442978,
    "bt_ref": 5.6,
    "WP_area": 21.22007828,
    "WP_bmax": 32.80255317,
    "i0": 89.07325141,
    "a1": 0.02467243,
    "a2": 0.1008256,
    "dmin": 0.98671908,
    "inductance": 0.00064921,
    "coilsurface": 5705.8789241,
    "coillength": 1201.59320242,
    "max_portsize_width": 5.9178767,
    "maximal_coil_height": 15.7280928,
    "WP_ratio": 1.2,
    "max_force_density_MNm": 1352.34721961,
    "max_force_density": 63.72960561,
    "min_bend_radius": 1.12694205,
    "max_lateral_force_density": 63.72957684,
    "max_radial_force_density": 50.0257593,
    "centering_force_max_MN": 245.36604846,
    "centering_force_min_MN": -1583.29206606,
    "centering_force_avg_MN": -453.33331474,
    "symmetry": 4,
    "rmajor_ref": 19.87195034,
    "rminor_ref": 1.78955162,
    "vol_plasma": 1256.19973155,
    "plasma_surface": 1972.42440867,
    "epseff": 0.01464553,
    "number_nu_star": 20,
    "D11_star_mono_input": [
        1.0,
        1.0,
        1.0,
        1.0,
        1.0,
        1.0,
        1.0,
        1.0,
        1.0,
        1.0,
        1.0,
        1.0,
        1.0,
        1.0,
        1.0,
        1.0,
        1.0,
        1.0,
        1.0,
        1.0
    ],
    "nu_star_mono_input": [
        1e-06,
        2.34e-06,
        5.46e-06,
        1.274e-05,
        2.976e-05,
        6.952e-05,
        0.00016238,
        0.00037927,
        0.00088587,
        0.00206914,
        0.00483293,
        0.01128838,
        0.02636651,
        0.06158482,
        0.14384499,
        0.33598183,
        0.78475997,
        1.83298071,
        4.2813324,
        10.0
    ],
    "neutron_peakfactor": 1.8350091
}