{
    "name": "squid",
    "min_plasma_coil_distance": 2.87953523,
    "derivative_min_LCFS_coils_dist": -0.49104644,
    "coilspermodule": 10,
    "coil_rmajor": 19.74809523,
    "coil_rminor": 5.07360246,
    "aspect_ref": 11.10442978,
    "bt_ref": 5.6,
    "WP_area": 0.9578007,
    "WP_bmax": 15.15415296,
    "i0": 14.79420647,
    "a1": -0.24467109,
    "a2": 0.10231831,
    "dmin": 1.2559109,
    "inductance": 0.00081534,
    "coilsurface": 5744.31801587,
    "coillength": 1441.15245984,
    "max_portsize_width": 5.26526205,
    "maximal_coil_height": 14.81765722,
    "WP_ratio": 1.2,
    "max_force_density_MNm": 93.14545268,
    "max_force_density": 97.24930511,
    "min_bend_radius": 1.05910716,
    "max_lateral_force_density": 97.20722293,
    "max_radial_force_density": 68.92372329,
    "centering_force_max_MN": 117.40948609,
    "centering_force_min_MN": -253.76741786,
    "centering_force_avg_MN": -40.26226464,
    "symmetry": 4,
    "rmajor_ref": 19.87195034,
    "rminor_ref": 1.78955162,
    "vol_plasma": 1256.19973155,
    "plasma_surface": 1972.42440867,
    "epseff": 0.01464553,
    "number_nu_star": 20,
    "D11_star_mono_input": [
        1.0,
        1.0,
        1.0,
        1.0,
        1.0,
        1.0,
        1.0,
        1.0,
        1.0,
        1.0,
        1.0,
        1.0,
        1.0,
        1.0,
        1.0,
        1.0,
        1.0,
        1.0,
        1.0,
        1.0
    ],
    "nu_star_mono_input": [
        1e-06,
        2.34e-06,
        5.46e-06,
        1.274e-05,
        2.976e-05,
        6.952e-05,
        0.00016238,
        0.00037927,
        0.00088587,
        0.00206914,
        0.00483293,
        0.01128838,
        0.02636651,
        0.06158482,
        0.14384499,
        0.33598183,
        0.78475997,
        1.83298071,
        4.2813324,
        10.0
    ],
    "neutron_peakfactor": 1.8350091
}