{
    "name": "presprocess",
    "min_plasma_coil_distance": 1.91756031,
    "derivative_min_LCFS_coils_dist": -0.61346266,
    "coilspermodule": 10,
    "coil_rmajor": 22.22954927,
    "coil_rminor": 4.69015768,
    "aspect_ref": 12.31533919,
    "bt_ref": 5.6,
    "WP_area": 0.53333333,
    "WP_bmax": 11.49413032,
    "i0": 12.98310033,
    "a1": 0.0254274,
    "a2": 0.05608523,
    "dmin": 0.96033081,
    "inductance": 0.00137435,
    "coilsurface": 4740.28625669,
    "coillength": 1698.73434821,
    "max_portsize_width": 2.78496289,
    "maximal_coil_height": 12.23652989,
    "WP_ratio": 1.2,
    "max_force_density_MNm": 64.36535552,
    "max_force_density": 120.68504161,
    "min_bend_radius": 1.54759778,
    "max_lateral_force_density": 92.35315199,
    "max_radial_force_density": 113.63068984,
    "centering_force_max_MN": 189.52429886,
    "centering_force_min_MN": -55.44479209,
    "centering_force_avg_MN": 93.02700909,
    "symmetry": 5,
    "rmajor_ref": 22.19309491,
    "rminor_ref": 1.80206932,
    "vol_plasma": 1422.62552585,
    "plasma_surface": 1960.01361974,
    "epseff": 0.01464553,
    "number_nu_star": 20,
    "D11_star_mono_input": [
        1.0,
        1.0,
        1.0,
        1.0,
        1.0,
        1.0,
        1.0,
        1.0,
        1.0,
        1.0,
        1.0,
        1.0,
        1.0,
        1.0,
        1.0,
        1.0,
        1.0,
        1.0,
        1.0,
        1.0
    ],
    "nu_star_mono_input": [
        1e-06,
        2.34e-06,
        5.46e-06,
        1.274e-05,
        2.976e-05,
        6.952e-05,
        0.00016238,
        0.00037927,
        0.00088587,
        0.00206914,
        0.00483293,
        0.01128838,
        0.02636651,
        0.06158482,
        0.14384499,
        0.33598183,
        0.78475997,
        1.83298071,
        4.2813324,
        10.0
    ],
    "neutron_peakfactor": 1.55835632
}
