{
    "name": "squid",
    "min_plasma_coil_distance": 2.0,
    "derivative_min_LCFS_coils_dist": -0.253856,
    "coilspermodule": 10,
    "coil_rmajor": 20.21782315,
    "coil_rminor": 5.22832574,
    "aspect_ref": 11.10442978,
    "bt_ref": 5.6,
    "WP_area": 0.21774591,
    "WP_bmax": 12.13383147,
    "i0": 10.65956837,
    "a1": -0.04409746,
    "a2": 0.06167778,
    "dmin": 0.93580416,
    "inductance": 0.00098269,
    "coilsurface": 6140.4101072,
    "coillength": 1611.94831086,
    "max_portsize_width": 3.83469683,
    "maximal_coil_height": 17.43839,
    "WP_ratio": 1.2,
    "max_force_density_MNm": 40.64067719,
    "max_force_density": 186.64266475,
    "min_bend_radius": 0.91978195,
    "max_lateral_force_density": 162.72337541,
    "max_radial_force_density": 140.60693485,
    "centering_force_max_MN": 88.29535391,
    "centering_force_min_MN": -55.84193028,
    "centering_force_avg_MN": 12.52877396,
    "symmetry": 4,
    "rmajor_ref": 19.87195034,
    "rminor_ref": 1.78955162,
    "plasma_volume": 1256.19973155,
    "vol_plasma": 1256.19973155,
    "plasma_surface": 1972.42440867,
    "epseff": 0.01464553,
    "number_nu_star": 20,
    "D11_star_mono_input": [
        1.0,
        1.0,
        1.0,
        1.0,
        1.0,
        1.0,
        1.0,
        1.0,
        1.0,
        1.0,
        1.0,
        1.0,
        1.0,
        1.0,
        1.0,
        1.0,
        1.0,
        1.0,
        1.0,
        1.0
    ],
    "nu_star_mono_input": [
        1e-06,
        2.34e-06,
        5.46e-06,
        1.274e-05,
        2.976e-05,
        6.952e-05,
        0.00016238,
        0.00037927,
        0.00088587,
        0.00206914,
        0.00483293,
        0.01128838,
        0.02636651,
        0.06158482,
        0.14384499,
        0.33598183,
        0.78475997,
        1.83298071,
        4.2813324,
        10.0
    ],
    "neutron_peakfactor": 1.8350091
}