{
    "name": "squid",
    "min_plasma_coil_distance": 2.02884518,
    "derivative_min_LCFS_coils_dist": -0.2848486,
    "coilspermodule": 8,
    "coil_rmajor": 20.29925951,
    "coil_rminor": 5.00464073,
    "aspect_ref": 11.10442978,
    "bt_ref": 6.0,
    "WP_area": 3.06106068,
    "WP_bmax": 11.94155162,
    "i0": 20.32891806,
    "a1": 0.5660961,
    "a2": 0.07910864,
    "dmin": 1.05459135,
    "inductance": 0.00085138,
    "coilsurface": 6226.55971405,
    "coillength": 1207.87828199,
    "max_portsize_width": 7.04889503,
    "maximal_coil_height": 14.6668506,
    "WP_ratio": 1.2,
    "max_force_density_MNm": 206.24046058,
    "max_force_density": 67.37548918,
    "min_bend_radius": 1.19326657,
    "max_lateral_force_density": 44.33487039,
    "max_radial_force_density": 67.37506073,
    "centering_force_max_MN": 479.05819137,
    "centering_force_min_MN": -46.6669871,
    "centering_force_avg_MN": 219.0979522,
    "coils_data": [
        {
            "current": 0.01459629,
            "plasma-coil disctance": 2.02884518,
            "plasma-coil distance derivative": -0.55014172,
            "max_B": 8.88180203
        },
        {
            "current": 1.67001107,
            "plasma-coil disctance": 2.18001987,
            "plasma-coil distance derivative": -0.2848486,
            "max_B": 11.94155162
        },
        {
            "current": 1.771302,
            "plasma-coil disctance": 2.14815589,
            "plasma-coil distance derivative": -0.52655019,
            "max_B": 11.54019409
        },
        {
            "current": 0.54409064,
            "plasma-coil disctance": 2.08107589,
            "plasma-coil distance derivative": -1.16461325,
            "max_B": 6.32604957
        }
    ],
    "symmetry": 4,
    "rmajor_ref": 19.87195034,
    "rminor_ref": 1.78955162,
    "vol_plasma": 1256.19973155,
    "plasma_surface": 1972.42440867,
    "epseff": 0.015,
    "number_nu_star": 20,
    "D11_star_mono_input": [
        1.0,
        1.0,
        1.0,
        1.0,
        1.0,
        1.0,
        1.0,
        1.0,
        1.0,
        1.0,
        1.0,
        1.0,
        1.0,
        1.0,
        1.0,
        1.0,
        1.0,
        1.0,
        1.0,
        1.0
    ],
    "nu_star_mono_input": [
        1e-06,
        2.34e-06,
        5.46e-06,
        1.274e-05,
        2.976e-05,
        6.952e-05,
        0.00016238,
        0.00037927,
        0.00088587,
        0.00206914,
        0.00483293,
        0.01128838,
        0.02636651,
        0.06158482,
        0.14384499,
        0.33598183,
        0.78475997,
        1.83298071,
        4.2813324,
        10.0
    ],
    "neutron_peakfactor": 1.64104694
}