{
    "name": "helias5",
    "min_plasma_coil_distance": 1.91901004,
    "derivative_min_LCFS_coils_dist": -0.62598984,
    "coilspermodule": 10,
    "coil_rmajor": 22.25161818,
    "coil_rminor": 4.68989464,
    "aspect_ref": 12.31533919,
    "bt_ref": 7.0,
    "WP_area": 0.526862,
    "WP_bmax": 14.51636477,
    "i0": 16.21516202,
    "a1": 0.35150587,
    "a2": 0.04194273,
    "dmin": 0.95903749,
    "inductance": 0.00188842,
    "coilsurface": 4610.11775033,
    "coillength": 1708.69547411,
    "max_portsize_width": 2.76622229,
    "maximal_coil_height": 12.24444,
    "WP_ratio": 1.2,
    "max_force_density_MNm": 100.3354192,
    "max_force_density": 190.43965862,
    "min_bend_radius": 1.5554584,
    "max_lateral_force_density": 151.12493231,
    "max_radial_force_density": 175.92620293,
    "centering_force_max_MN": 293.74948084,
    "centering_force_min_MN": -85.03243853,
    "centering_force_avg_MN": 144.43444241,
    "symmetry": 5,
    "rmajor_ref": 22.19309491,
    "rminor_ref": 1.80206932,
    "vol_plasma": 1422.62552585,
    "plasma_surface": 1960.01361974,
    "epseff": 0.015,
    "number_nu_star": 20,
    "D11_star_mono_input": [
        1.0,
        1.0,
        1.0,
        1.0,
        1.0,
        1.0,
        1.0,
        1.0,
        1.0,
        1.0,
        1.0,
        1.0,
        1.0,
        1.0,
        1.0,
        1.0,
        1.0,
        1.0,
        1.0,
        1.0
    ],
    "nu_star_mono_input": [
        1e-06,
        2.34e-06,
        5.46e-06,
        1.274e-05,
        2.976e-05,
        6.952e-05,
        0.00016238,
        0.00037927,
        0.00088587,
        0.00206914,
        0.00483293,
        0.01128838,
        0.02636651,
        0.06158482,
        0.14384499,
        0.33598183,
        0.78475997,
        1.83298071,
        4.2813324,
        10.0
    ],
    "neutron_peakfactor": 1.6
}